Longitude,Latitude,Anomaly_Score,eTh_Raw,RTP_Raw
362676.99599322473,4302692.058330265,-0.046536824854130354,249,253.30278
359626.99599322473,4305192.058330265,-0.04520630841485118,249,253.30278
367176.99599322473,4301642.058330265,-0.04476340273628787,249,253.4394
362726.99599322473,4302692.058330265,-0.04476340273628787,249,253.86337
362476.99599322473,4302742.058330265,-0.04476340273628787,249,253.13881
365126.99599322473,4301942.058330265,-0.04432079662029398,249,253.30278
375426.99599322473,4251042.058330265,-0.04432079662029398,249,252.45956
336426.99599322473,4268492.058330265,-0.04387848986425835,249,253.30278
362576.99599322473,4302642.058330265,-0.04387848986425835,249,253.6994
343476.99599322473,4284442.058330265,-0.04387848986425835,249,252.45956
310826.99599322473,4264592.058330265,-0.04343648226570662,249,253.15678
383926.99599322473,4278942.058330265,-0.04343648226570662,249,253.15678
336376.99599322473,4268542.058330265,-0.04343648226570662,249,253.15678
322926.99599322473,4269942.058330265,-0.04299477362230131,249,252.45956
397076.99599322473,4283342.058330265,-0.04299477362230131,249,252.5962
381726.99599322473,4288342.058330265,-0.04299477362230131,249,252.45956
334576.99599322473,4303142.058330265,-0.042913651956340004,249,250.54044
366026.99599322473,4301892.058330265,-0.04264488422499413,249,253.30278
345526.99599322473,4283392.058330265,-0.04264488422499413,249,253.4394
379326.99599322473,4265742.058330265,-0.042601245564300005,249,253.30278
375426.99599322473,4251092.058330265,-0.042601245564300005,249,253.86337
381476.99599322473,4277292.058330265,-0.042601245564300005,249,253.30278
369876.99599322473,4300292.058330265,-0.04255336373184182,249,252.45956
358176.99599322473,4309842.058330265,-0.04220371098484654,249,253.15678
367776.99599322473,4301192.058330265,-0.04216010183948704,249,253.13881
344676.99599322473,4283092.058330265,-0.04211225239226457,249,252.5962
370226.99599322473,4301392.058330265,-0.041671439401642196,249,252.63007
337826.99599322473,4267992.058330265,-0.041671439401642196,249,252.45956
381226.99599322473,4277492.058330265,-0.041671439401642196,249,253.02016
330976.99599322473,4274842.058330265,-0.041671439401642196,249,253.86337
380576.99599322473,4286542.058330265,-0.04158998688219506,249,251.9235
356576.99599322473,4311192.058330265,-0.041580055491546974,249,250.54044
363176.99599322473,4303642.058330265,-0.04129402862802034,244,253.15678
375376.99599322473,4251142.058330265,-0.041139602456280455,249,250.54044
362626.99599322473,4302692.058330265,-0.040441999914968774,249,252.5962
362626.99599322473,4302592.058330265,-0.040441999914968774,249,253.00218
330776.99599322473,4274992.058330265,-0.040441999914968774,249,253.02016
397676.99599322473,4288042.058330265,-0.04041380724316612,249,249.0
375326.99599322473,4251142.058330265,-0.04039850863145389,249,253.02016
362176.99599322473,4305442.058330265,-0.04039850863145389,249,253.02016
327526.99599322473,4268092.058330265,-0.04039850863145389,249,252.45956
358276.99599322473,4304492.058330265,-0.04039850863145389,249,252.63007
338826.99599322473,4262342.058330265,-0.040318226004393165,249,253.86337
362676.99599322473,4254292.058330265,-0.040259589895375814,249,250.54044
376726.99599322473,4280692.058330265,-0.040259589895375814,249,248.3273
395776.99599322473,4277592.058330265,-0.040259589895375814,249,250.54044
397426.99599322473,4283792.058330265,-0.04006752224253962,249,253.15678
317476.99599322473,4270142.058330265,-0.03997636337643573,249,253.86337
353726.99599322473,4313342.058330265,-0.03966363778268067,249,247.82419
315976.99599322473,4241192.058330265,-0.03950959840528778,249,247.46611
384876.99599322473,4287442.058330265,-0.039471842624961284,249,252.45956
384926.99599322473,4287392.058330265,-0.039471842624961284,249,252.45956
330726.99599322473,4275092.058330265,-0.039471842624961284,249,253.02016
361576.99599322473,4301692.058330265,-0.039471842624961284,249,252.45956
337226.99599322473,4278692.058330265,-0.039391158859293895,249,248.16333
321126.99599322473,4291892.058330265,-0.03938076733806106,249,248.83604
379226.99599322473,4266542.058330265,-0.03938076733806106,249,248.54874
365176.99599322473,4301992.058330265,-0.03938076733806106,249,249.97984
362676.99599322473,4303542.058330265,-0.03938076733806106,244,253.30278
390326.99599322473,4291042.058330265,-0.03903281549524118,249,250.54044
381576.99599322473,4278742.058330265,-0.039006900991576,238,253.30278
365276.99599322473,4303292.058330265,-0.038952186300642344,249,249.0
382926.99599322473,4271642.058330265,-0.03894180180779261,249,248.83604
365076.99599322473,4301942.058330265,-0.03865914958737193,238,253.30278
367826.99599322473,4301142.058330265,-0.038503133175144866,249,249.5606
313726.99599322473,4266792.058330265,-0.038503133175144866,244,253.30278
366826.99599322473,4254592.058330265,-0.038503133175144866,249,249.0
362626.99599322473,4303892.058330265,-0.038503133175144866,244,253.56277
326576.99599322473,4260192.058330265,-0.038503133175144866,249,248.54874
396126.99599322473,4281742.058330265,-0.038503133175144866,244,253.30278
315926.99599322473,4241242.058330265,-0.038503133175144866,244,252.29561
336326.99599322473,4268692.058330265,-0.038503133175144866,249,249.97984
358476.99599322473,4313292.058330265,-0.038503133175144866,249,248.54874
367726.99599322473,4301192.058330265,-0.0381231993215263,249,251.18567
344626.99599322473,4241792.058330265,-0.03807513168965049,244,252.45956
395676.99599322473,4277692.058330265,-0.03806476123930913,249,250.54044
344726.99599322473,4264192.058330265,-0.03806476123930913,249,248.83604
395876.99599322473,4281942.058330265,-0.03806476123930913,249,247.98814
336176.99599322473,4268892.058330265,-0.03806476123930913,249,248.54874
362326.99599322473,4304292.058330265,-0.03806476123930913,249,247.98814
380726.99599322473,4276292.058330265,-0.03806476123930913,249,250.54044
392476.99599322473,4282392.058330265,-0.03806476123930913,249,248.83604
334126.99599322473,4269242.058330265,-0.03806476123930902,244,253.02016
329326.99599322473,4269142.058330265,-0.03806476123930902,244,252.45956
376126.99599322473,4246042.058330265,-0.03778249123747479,249,252.32948
379226.99599322473,4265692.058330265,-0.03775516867686424,249,247.82419
379626.99599322473,4285442.058330265,-0.03770201745817092,238,251.16508
324776.99599322473,4281642.058330265,-0.03763896595046112,249,66.8635
327876.99599322473,4281292.058330265,-0.03763896595046112,249,66.37638
315126.99599322473,4267292.058330265,-0.037626685799612036,249,249.0
316026.99599322473,4241242.058330265,-0.037626685799612036,249,249.1705
340726.99599322473,4262392.058330265,-0.037626685799612036,249,249.13663
391326.99599322473,4292592.058330265,-0.037626685799612036,249,249.0
374526.99599322473,4298342.058330265,-0.037626685799612036,249,248.83604
399226.99599322473,4280892.058330265,-0.037626685799612036,249,249.0
358476.99599322473,4313242.058330265,-0.037626685799612036,244,253.02016
392976.99599322473,4275542.058330265,-0.037626685799612036,249,249.0
338326.99599322473,4242942.058330265,-0.037626685799612036,249,248.16333
399276.99599322473,4280842.058330265,-0.037626685799612036,249,249.0
391326.99599322473,4292642.058330265,-0.037626685799612036,249,249.0
394376.99599322473,4284742.058330265,-0.037626685799612036,249,249.0
395926.99599322473,4281942.058330265,-0.037626685799612036,249,249.0
381976.99599322473,4287392.058330265,-0.037626685799612036,249,249.0
335976.99599322473,4261892.058330265,-0.0373446067132055,249,250.98315
377226.99599322473,4282792.058330265,-0.037253829896620516,238,252.46611
391676.99599322473,4248692.058330265,-0.03720117850059357,249,66.103226
320876.99599322473,4239042.058330265,-0.03718890665551644,249,249.0
369976.99599322473,4300392.058330265,-0.03718890665551644,249,249.69722
393326.99599322473,4292142.058330265,-0.03718890665551644,249,248.3273
332926.99599322473,4273392.058330265,-0.03718890665551644,249,249.0
369226.99599322473,4297642.058330265,-0.03718890665551644,249,248.0267
345326.99599322473,4283442.058330265,-0.03718890665551644,249,249.69722
378526.99599322473,4266792.058330265,-0.03718890665551644,249,249.0
365126.99599322473,4303292.058330265,-0.03718890665551644,249,249.0
365176.99599322473,4303342.058330265,-0.03718890665551644,249,249.0
362776.99599322473,4305092.058330265,-0.03718890665551644,249,249.0
365226.99599322473,4303292.058330265,-0.03718890665551644,249,249.0
379226.99599322473,4266592.058330265,-0.036879732741937565,249,247.82419
392426.99599322473,4282592.058330265,-0.036879732741937565,249,247.82419
367776.99599322473,4301142.058330265,-0.036879732741937565,249,247.52359
346226.99599322473,4262092.058330265,-0.036879732741937565,249,247.82419
364326.99599322473,4303292.058330265,-0.03679887947587768,249,248.3273
345226.99599322473,4241492.058330265,-0.03679887947587768,249,248.3273
411276.99599322473,4273442.058330265,-0.03676368715154332,249,70.0
377876.99599322473,4286542.058330265,-0.036751423606620426,244,253.4394
352676.99599322473,4247992.058330265,-0.036751423606620426,249,248.83604
343976.99599322473,4284292.058330265,-0.036751423606620426,249,249.0
377526.99599322473,4272542.058330265,-0.036751423606620426,244,253.02016
378676.99599322473,4267042.058330265,-0.036751423606620426,249,247.98814
344426.99599322473,4264142.058330265,-0.036751423606620426,249,248.0267
391776.99599322473,4249192.058330265,-0.0366988131024133,249,55.857788
402826.99599322473,4247342.058330265,-0.0366988131024133,249,56.39833
391476.99599322473,4270392.058330265,-0.036693423994084484,249,248.3273
328226.99599322473,4289742.058330265,-0.036670586386969184,249,248.16333
362626.99599322473,4302642.058330265,-0.03637907190082201,249,250.54044
381026.99599322473,4285992.058330265,-0.036326491703040475,249,67.513916
397176.99599322473,4283442.058330265,-0.036314236452657855,249,249.0
367176.99599322473,4256592.058330265,-0.036314236452657855,249,249.0
331926.99599322473,4270892.058330265,-0.036032729338121294,238,253.02016
371076.99599322473,4300092.058330265,-0.036032729338121294,238,252.46611
337776.99599322473,4268142.058330265,-0.036032729338121294,238,253.02016
359876.99599322473,4308892.058330265,-0.03600548062182407,249,247.82419
368876.99599322473,4304042.058330265,-0.035939930010913446,244,249.5606
326626.99599322473,4260192.058330265,-0.03592473669019991,249,249.69722
367826.99599322473,4301192.058330265,-0.03592473669019991,249,249.84322
397126.99599322473,4283342.058330265,-0.03592473669019991,249,249.1705
377876.99599322473,4286592.058330265,-0.03592473669019991,244,253.15678
329926.99599322473,4281492.058330265,-0.03588959195495023,249,61.0
367176.99599322473,4252842.058330265,-0.03587734499349804,249,248.6994
375726.99599322473,4277042.058330265,-0.03587734499349804,249,248.16333
391326.99599322473,4292692.058330265,-0.03587734499349804,249,247.98814
367226.99599322473,4301492.058330265,-0.03587734499349804,244,252.8562
377076.99599322473,4273342.058330265,-0.03587734499349804,249,248.16333
346226.99599322473,4262042.058330265,-0.03587734499349804,249,248.24814
377976.99599322473,4275192.058330265,-0.035797108023856494,244,250.4038
380976.99599322473,4275892.058330265,-0.035786774046918324,244,250.54044
340326.99599322473,4263042.058330265,-0.03556879799198054,249,247.82419
395876.99599322473,4277342.058330265,-0.03550329171671607,244,247.98814
397626.99599322473,4288092.058330265,-0.03550329171671607,244,247.82419
351926.99599322473,4272642.058330265,-0.03548810867211871,249,248.44595
345176.99599322473,4241492.058330265,-0.03548810867211871,249,248.83604
396476.99599322473,4287542.058330265,-0.03548810867211871,249,247.98814
332426.99599322473,4278592.058330265,-0.035478270337317985,249,247.15147
333526.99599322473,4279042.058330265,-0.035452987707273675,249,68.317665
395126.99599322473,4288342.058330265,-0.03544074902914551,249,249.0
343376.99599322473,4284492.058330265,-0.03544074902914551,249,249.0
371876.99599322473,4298692.058330265,-0.03544074902914551,249,249.0
395076.99599322473,4288392.058330265,-0.03544074902914551,249,249.0
387426.99599322473,4289342.058330265,-0.03544074902914551,249,249.0
377726.99599322473,4275542.058330265,-0.03544074902914551,249,249.0
309776.99599322473,4264292.058330265,-0.03538286702244575,249,248.16333
382926.99599322473,4289492.058330265,-0.035362476301834866,249,66.272766
325876.99599322473,4277392.058330265,-0.035362476301834866,249,70.983765
326076.99599322473,4238042.058330265,-0.035362476301834866,249,71.1204
387026.99599322473,4274892.058330265,-0.035362476301834866,249,68.285645
339576.99599322473,4265642.058330265,-0.03527197759595957,249,75.26073
332976.99599322473,4273542.058330265,-0.035159622584717165,238,253.4394
315876.99599322473,4241392.058330265,-0.035159622584717165,249,250.30391
351676.99599322473,4248842.058330265,-0.03509490952359173,244,253.86337
367676.99599322473,4303092.058330265,-0.035051775970664445,249,249.0
374576.99599322473,4298342.058330265,-0.035051775970664445,249,249.0
315976.99599322473,4241242.058330265,-0.035051775970664445,244,253.30278
381476.99599322473,4277242.058330265,-0.035051775970664445,249,249.0
378526.99599322473,4266742.058330265,-0.035051775970664445,249,249.0
325876.99599322473,4277442.058330265,-0.0350166787601468,249,62.388954
376676.99599322473,4279392.058330265,-0.03501130367743088,238,253.86337
395226.99599322473,4288242.058330265,-0.03500444835974004,244,252.45956
363226.99599322473,4303692.058330265,-0.03500444835974004,244,252.14493
383776.99599322473,4279742.058330265,-0.03500444835974004,244,253.02016
354676.99599322473,4248792.058330265,-0.03500444835974004,244,253.02016
379226.99599322473,4266292.058330265,-0.03500444835974004,244,252.45956
381476.99599322473,4277142.058330265,-0.03500444835974004,249,248.3273
346376.99599322473,4281392.058330265,-0.03500444835974004,249,248.3273
343826.99599322473,4284392.058330265,-0.03500444835974004,244,253.02016
380826.99599322473,4276092.058330265,-0.03500444835974004,249,249.97984
332276.99599322473,4272442.058330265,-0.03498852550713083,238,253.02016
326376.99599322473,4276392.058330265,-0.03495198004522759,249,54.43723
326326.99599322473,4276442.058330265,-0.03495198004522759,249,54.300594
332626.99599322473,4262842.058330265,-0.034926228572774276,249,69.02016
347526.99599322473,4263292.058330265,-0.0348357910763758,249,73.072556
412326.99599322473,4270942.058330265,-0.0348357910763758,249,77.973495
343176.99599322473,4285142.058330265,-0.034696318593220976,249,247.68755
348526.99599322473,4268692.058330265,-0.034696318593220976,249,247.82419
392426.99599322473,4282642.058330265,-0.034696318593220976,249,247.82419
381176.99599322473,4277542.058330265,-0.034696318593220976,249,247.82419
382926.99599322473,4271592.058330265,-0.034696318593220976,249,247.82419
332276.99599322473,4272492.058330265,-0.03468040335156042,238,253.86337
388876.99599322473,4295042.058330265,-0.0346787129285,249,248.51657
374476.99599322473,4298342.058330265,-0.034658842765323605,249,248.16333
346226.99599322473,4262142.058330265,-0.034658842765323605,249,248.83604
321076.99599322473,4291892.058330265,-0.034658842765323605,249,248.16333
332876.99599322473,4271742.058330265,-0.034605913355258866,249,247.01485
346726.99599322473,4293842.058330265,-0.034516009958381444,249,54.74569
397726.99599322473,4287892.058330265,-0.03447805548971972,244,249.69722
367126.99599322473,4301742.058330265,-0.03447805548971972,244,248.54874
367176.99599322473,4301542.058330265,-0.034242927667912926,249,248.83604
358226.99599322473,4309792.058330265,-0.03413273210700607,244,253.4394
366876.99599322473,4254592.058330265,-0.03405936169827051,249,244.84853
325976.99599322473,4238142.058330265,-0.03405461809333421,249,62.388954
383076.99599322473,4271092.058330265,-0.03404240594529273,244,248.3273
362776.99599322473,4254192.058330265,-0.03404240594529273,244,250.54044
318426.99599322473,4240792.058330265,-0.03404240594529273,244,248.3273
362726.99599322473,4254242.058330265,-0.03404240594529273,244,250.54044
344626.99599322473,4283092.058330265,-0.03402774687352006,249,246.69366
388976.99599322473,4264542.058330265,-0.03399001593327344,249,56.510197
376976.99599322473,4273342.058330265,-0.0339145643713723,238,248.16333
379076.99599322473,4277742.058330265,-0.03385217570277532,238,251.39677
363426.99599322473,4303592.058330265,-0.03385217570277532,249,249.97984
305926.99599322473,4243442.058330265,-0.0337671512621075,249,31.992516
375426.99599322473,4250992.058330265,-0.0337618889056468,238,248.3273
338826.99599322473,4262292.058330265,-0.03374454776934255,244,252.29561
332276.99599322473,4272392.058330265,-0.03374454776934255,244,252.15897
377776.99599322473,4275492.058330265,-0.03369731612463278,249,248.16333
361526.99599322473,4301692.058330265,-0.03369731612463278,249,248.83604
341926.99599322473,4285092.058330265,-0.033665086944291156,249,249.5606
335726.99599322473,4276242.058330265,-0.033644954200141464,249,54.0
310326.99599322473,4243042.058330265,-0.033644954200141464,249,52.766235
370976.99599322473,4301442.058330265,-0.033619254943958565,249,60.048077
320826.99599322473,4239092.058330265,-0.03361735013256173,244,249.0
377026.99599322473,4273342.058330265,-0.033607051055694726,244,248.16333
328026.99599322473,4273342.058330265,-0.033607051055694726,244,247.30215
381476.99599322473,4278742.058330265,-0.033592401898694946,249,246.85089
325026.99599322473,4280492.058330265,-0.03352900082770571,249,79.02522
305176.99599322473,4241242.058330265,-0.03352900082770571,249,80.90179
348676.99599322473,4279342.058330265,-0.0334814941167042,233,253.30278
332726.99599322473,4271892.058330265,-0.0334814941167042,233,253.30278
391276.99599322473,4292592.058330265,-0.03348004573690766,249,247.82419
322476.99599322473,4270242.058330265,-0.03348004573690766,249,247.68755
358126.99599322473,4309842.058330265,-0.03348004573690766,249,247.70552
308276.99599322473,4264192.058330265,-0.03348004573690766,249,247.82419
358726.99599322473,4253392.058330265,-0.033479295948379284,238,249.0
371276.99599322473,4299542.058330265,-0.033416949476825164,238,253.02016
391626.99599322473,4290742.058330265,-0.03332672374584755,249,248.3273
327376.99599322473,4292042.058330265,-0.03326219463911695,249,249.0
378726.99599322473,4267192.058330265,-0.03326219463911695,249,249.0
327326.99599322473,4293142.058330265,-0.03326219463911695,249,249.0
344476.99599322473,4284142.058330265,-0.03326219463911695,249,249.13663
384976.99599322473,4287342.058330265,-0.03326219463911695,249,249.0
362126.99599322473,4305442.058330265,-0.03326219463911695,249,249.0
384976.99599322473,4287292.058330265,-0.033229987257222704,249,248.83604
307126.99599322473,4244642.058330265,-0.033171990621633785,244,249.84322
379376.99599322473,4265842.058330265,-0.033171990621633785,244,249.97984
382926.99599322473,4271692.058330265,-0.033171990621633785,244,249.0
334326.99599322473,4268842.058330265,-0.033171990621633785,244,249.39662
362576.99599322473,4303892.058330265,-0.033171990621633785,244,248.57481
324676.99599322473,4237092.058330265,-0.033171990621633785,244,249.0
351626.99599322473,4248892.058330265,-0.033171990621633785,244,249.5606
381326.99599322473,4285792.058330265,-0.03309399318350037,249,79.59907
328276.99599322473,4289742.058330265,-0.033036420131583255,249,244.01186
340876.99599322473,4261892.058330265,-0.033036420131583255,249,245.09467
380676.99599322473,4276342.058330265,-0.03298201761938935,238,250.54044
362876.99599322473,4303742.058330265,-0.03295634484782106,233,253.86337
332226.99599322473,4272492.058330265,-0.032939025422977,238,252.29561
330726.99599322473,4275042.058330265,-0.032917523108243585,244,252.45956
392526.99599322473,4282392.058330265,-0.032917523108243585,244,253.02016
378476.99599322473,4266742.058330265,-0.0329021405389166,238,249.97984
346776.99599322473,4293942.058330265,-0.03287692655446961,249,83.51529
384776.99599322473,4264292.058330265,-0.03287692655446961,249,71.34165
336076.99599322473,4262892.058330265,-0.032795181853083055,249,249.0
335976.99599322473,4268842.058330265,-0.032795181853083055,249,249.0
350076.99599322473,4258542.058330265,-0.032795181853083055,249,250.05046
365176.99599322473,4303292.058330265,-0.032795181853083055,249,249.0
329776.99599322473,4282242.058330265,-0.03277507633358767,249,50.0
408526.99599322473,4232592.058330265,-0.03273722444395244,244,248.16333
365176.99599322473,4303242.058330265,-0.03273722444395244,244,248.16333
362776.99599322473,4303592.058330265,-0.03273722444395244,244,248.12479
396476.99599322473,4287492.058330265,-0.03273722444395244,244,247.86273
394376.99599322473,4284642.058330265,-0.03273722444395244,244,247.82419
336526.99599322473,4307442.058330265,-0.03269522497591493,249,38.0
323676.99599322473,4269092.058330265,-0.032657377791269426,244,246.85089
323526.99599322473,4271042.058330265,-0.032642261724173505,249,246.98097
355876.99599322473,4310642.058330265,-0.03260174564801732,249,245.61835
355426.99599322473,4311142.058330265,-0.03260174564801732,249,244.17581
340376.99599322473,4262992.058330265,-0.03254737993136969,249,248.83604
315926.99599322473,4241392.058330265,-0.03254737993136958,244,253.86337
367876.99599322473,4301142.058330265,-0.03254737993136958,238,249.69722
314626.99599322473,4239892.058330265,-0.03254737993136958,238,247.30215
349076.99599322473,4250292.058330265,-0.03254737993136958,238,249.97984
339826.99599322473,4244142.058330265,-0.03254737993136958,238,249.69722
392326.99599322473,4293092.058330265,-0.03254448305289681,222,252.45956
375376.99599322473,4255492.058330265,-0.032532461574954374,249,70.144936
375626.99599322473,4277292.058330265,-0.03253200622321406,233,252.45956
322326.99599322473,4292292.058330265,-0.03252027830550419,249,247.82419
379426.99599322473,4265992.058330265,-0.03245727620881378,238,249.97984
369126.99599322473,4301042.058330265,-0.03245727620881378,249,248.54874
334826.99599322473,4297642.058330265,-0.032453020790809695,249,24.69539
368526.99599322473,4255842.058330265,-0.03244235994557787,249,68.44962
386376.99599322473,4279342.058330265,-0.03239283436205209,244,253.02016
343826.99599322473,4285042.058330265,-0.03239283436205209,244,251.69441
367326.99599322473,4252742.058330265,-0.03230275232362856,244,249.0
318426.99599322473,4240842.058330265,-0.03230275232362856,244,249.0
378526.99599322473,4266692.058330265,-0.03230275232362856,244,249.0
362826.99599322473,4303592.058330265,-0.03230275232362856,244,249.0
381026.99599322473,4275892.058330265,-0.03230275232362856,244,249.13663
379126.99599322473,4278492.058330265,-0.03230275232362856,244,249.0
382926.99599322473,4290642.058330265,-0.03226078126224541,249,38.734646
332526.99599322473,4288292.058330265,-0.032250503905382644,249,44.220478
345026.99599322473,4283842.058330265,-0.03217764118549882,249,242.99345
384676.99599322473,4273442.058330265,-0.03217764118549882,249,243.0
340726.99599322473,4262442.058330265,-0.03216736515979057,249,244.84853
348776.99599322473,4269292.058330265,-0.03216736515979057,249,243.45126
358726.99599322473,4253592.058330265,-0.032113036213802126,249,249.0
345476.99599322473,4283392.058330265,-0.032113036213802126,244,253.15678
376026.99599322473,4246092.058330265,-0.032113036213802126,238,248.3988
316026.99599322473,4241342.058330265,-0.032113036213802126,238,249.97984
370326.99599322473,4257442.058330265,-0.032113036213802126,249,248.16333
334726.99599322473,4269142.058330265,-0.032113036213802126,238,249.69722
307076.99599322473,4244642.058330265,-0.03208739815843187,233,252.45956
339726.99599322473,4245042.058330265,-0.03208739815843187,233,251.32231
395126.99599322473,4291792.058330265,-0.03204302067035625,249,247.01485
354126.99599322473,4248892.058330265,-0.03195859517253685,244,250.54044
338276.99599322473,4242942.058330265,-0.0319383410338665,249,247.01485
345126.99599322473,4241492.058330265,-0.031926453097562923,249,248.16333
382476.99599322473,4286792.058330265,-0.03191805920411617,249,73.429474
332426.99599322473,4287392.058330265,-0.031906374765907186,249,49.890694
337076.99599322473,4261342.058330265,-0.031906374765907186,249,48.92495
393826.99599322473,4273892.058330265,-0.03188074496675475,249,57.315464
362526.99599322473,4302642.058330265,-0.0318685740617739,244,248.15555
366976.99599322473,4301692.058330265,-0.0318685740617739,244,247.98814
350826.99599322473,4237492.058330265,-0.0318685740617739,244,248.68536
338326.99599322473,4262292.058330265,-0.03185396449685163,249,246.86491
319626.99599322473,4264742.058330265,-0.03185061412031598,249,239.9917
389026.99599322473,4272542.058330265,-0.03185061412031598,249,242.30278
314076.99599322473,4241592.058330265,-0.03181636098213658,249,45.41391
326826.99599322473,4282492.058330265,-0.031795238344013765,249,102.048546
391226.99599322473,4292792.058330265,-0.03173327846805718,249,243.0
358826.99599322473,4309892.058330265,-0.03173327846805718,249,243.0
377776.99599322473,4275592.058330265,-0.03173327846805718,249,243.83667
375126.99599322473,4256042.058330265,-0.03173327846805718,249,243.61522
353776.99599322473,4313342.058330265,-0.03167898626785792,249,249.0
409626.99599322473,4231992.058330265,-0.03167898626785792,238,249.0
357176.99599322473,4310392.058330265,-0.03167898626785792,238,249.0
318426.99599322473,4240892.058330265,-0.03167898626785792,249,249.0
381426.99599322473,4277242.058330265,-0.03167898626785792,249,249.0
327576.99599322473,4269592.058330265,-0.03167609330671073,228,253.86337
358176.99599322473,4313442.058330265,-0.03167609330671073,222,251.28375
333826.99599322473,4297792.058330265,-0.03159424897308383,249,35.232346
331926.99599322473,4286892.058330265,-0.03159424897308383,249,35.341656
367126.99599322473,4256492.058330265,-0.03158900438873713,249,249.0
371876.99599322473,4298592.058330265,-0.03158900438873713,238,249.97984
376126.99599322473,4246092.058330265,-0.03158900438873713,238,249.69722
365126.99599322473,4303342.058330265,-0.03158900438873713,249,249.0
302026.99599322473,4234792.058330265,-0.031574108296130166,249,71.27754
337976.99599322473,4268642.058330265,-0.031574108296130166,249,91.31381
364676.99599322473,4298892.058330265,-0.031574108296130166,249,82.09639
332176.99599322473,4286892.058330265,-0.03150427898336694,249,36.658344
367026.99599322473,4301692.058330265,-0.03149252934850544,249,249.0
308126.99599322473,4243942.058330265,-0.031434689459635234,244,249.5606
395926.99599322473,4277342.058330265,-0.031434689459635234,244,249.5606
380726.99599322473,4286392.058330265,-0.031434689459635234,244,248.3273
395976.99599322473,4281592.058330265,-0.031434689459635234,244,248.44595
321076.99599322473,4292542.058330265,-0.031434689459635234,244,250.54044
350676.99599322473,4249442.058330265,-0.031434689459635234,244,247.60274
332076.99599322473,4286692.058330265,-0.031392775153934904,249,38.783875
331676.99599322473,4286892.058330265,-0.03138251169470507,249,51.890694
325476.99599322473,4277942.058330265,-0.03138251169470507,249,43.17404
330576.99599322473,4272842.058330265,-0.03136256854000863,249,246.85089
353576.99599322473,4248442.058330265,-0.0313614033430365,249,100.686424
377526.99599322473,4279042.058330265,-0.031344741857552094,244,247.15147
379226.99599322473,4278442.058330265,-0.03129948537410576,249,244.01186
380426.99599322473,4285342.058330265,-0.03129948537410576,249,244.17581
335526.99599322473,4276192.058330265,-0.03123034178838391,249,61.557777
389276.99599322473,4295092.058330265,-0.03123034178838391,249,70.964455
337976.99599322473,4268692.058330265,-0.03123034178838391,249,65.52004
334076.99599322473,4269242.058330265,-0.031155308875638665,238,247.82419
310326.99599322473,4242992.058330265,-0.031140422858115357,249,71.83762
403926.99599322473,4282842.058330265,-0.031140422858115357,249,72.250854
381926.99599322473,4287542.058330265,-0.03112826599864127,249,247.15147
388526.99599322473,4239192.058330265,-0.031050516544280815,249,84.783485
382876.99599322473,4289492.058330265,-0.031050516544280815,249,83.48713
360426.99599322473,4303842.058330265,-0.031048132014075858,244,247.60274
375526.99599322473,4278042.058330265,-0.031033541133902,249,246.71425
346276.99599322473,4262042.058330265,-0.031022549340540384,212,253.15678
338376.99599322473,4242942.058330265,-0.031001098318593656,244,248.16333
369826.99599322473,4301692.058330265,-0.030977374920460043,249,56.09651
335676.99599322473,4306742.058330265,-0.030948955844485204,249,42.0
358476.99599322473,4313142.058330265,-0.03087605004707239,233,252.5962
363126.99599322473,4302992.058330265,-0.03087605004707239,233,252.8562
377276.99599322473,4278192.058330265,-0.030865985679359054,249,243.0
384926.99599322473,4287192.058330265,-0.030865985679359054,249,243.0
355526.99599322473,4311142.058330265,-0.030865985679359054,249,243.0
320876.99599322473,4238942.058330265,-0.030865985679359054,249,244.01186
315876.99599322473,4241242.058330265,-0.030865985679359054,249,243.85202
341376.99599322473,4262092.058330265,-0.030865985679359054,249,243.83667
340276.99599322473,4262992.058330265,-0.030865985679359054,249,243.0
355476.99599322473,4311092.058330265,-0.030865985679359054,249,243.6727
377226.99599322473,4286892.058330265,-0.030831182644377675,249,242.13881
395076.99599322473,4291792.058330265,-0.030831182644377675,249,240.28375
344326.99599322473,4283192.058330265,-0.030811766896194914,238,248.83604
318426.99599322473,4272392.058330265,-0.030811766896194914,244,252.45956
392376.99599322473,4293142.058330265,-0.030808877847076088,222,253.4394
369676.99599322473,4250792.058330265,-0.030808877847076088,222,253.4394
325326.99599322473,4282092.058330265,-0.03079688885941867,249,70.0
331876.99599322473,4286242.058330265,-0.030717662778801724,249,21.63439
334476.99599322473,4274742.058330265,-0.030707030746491504,249,61.0
390576.99599322473,4250992.058330265,-0.030707030746491504,249,59.272167
337226.99599322473,4278842.058330265,-0.030707030746491504,249,59.352566
332226.99599322473,4279942.058330265,-0.030627815782005685,249,24.924261
310776.99599322473,4242542.058330265,-0.03061718524146506,249,73.43806
362276.99599322473,4304242.058330265,-0.03061480232405478,244,249.69722
392376.99599322473,4293092.058330265,-0.03061480232405478,244,249.1705
380776.99599322473,4283542.058330265,-0.03060834937128476,249,58.931515
336826.99599322473,4268292.058330265,-0.03059691848154511,249,253.86337
362476.99599322473,4304192.058330265,-0.03059691848154511,249,253.4394
384126.99599322473,4278742.058330265,-0.03059691848154511,249,253.4394
399326.99599322473,4280842.058330265,-0.030567800440164605,244,249.0
363126.99599322473,4303642.058330265,-0.030567800440164605,244,248.54874
386776.99599322473,4275242.058330265,-0.030515693233008623,249,50.67457
384826.99599322473,4258042.058330265,-0.030477974470401348,244,247.01485
336526.99599322473,4274192.058330265,-0.030432779185374348,249,243.83667
361876.99599322473,4305492.058330265,-0.030432779185374348,249,243.1301
384726.99599322473,4273442.058330265,-0.030432779185374348,249,243.0
389076.99599322473,4272542.058330265,-0.03039799968968615,249,242.86337
366876.99599322473,4298142.058330265,-0.03039799968968615,249,241.46611
372626.99599322473,4298942.058330265,-0.030392122212301143,249,59.28406
331126.99599322473,4264292.058330265,-0.030378597073489888,238,249.0
334126.99599322473,4269292.058330265,-0.03037570997840111,228,253.02016
327526.99599322473,4269592.058330265,-0.03037570997840111,228,251.44771
337026.99599322473,4277492.058330265,-0.03037570997840111,222,253.02016
341226.99599322473,4262042.058330265,-0.03034660755620755,244,246.41365
395926.99599322473,4281642.058330265,-0.030336360847151633,244,246.52971
315926.99599322473,4245742.058330265,-0.03032788762965344,249,56.79666
351676.99599322473,4248792.058330265,-0.030288797650659394,244,252.45956
363026.99599322473,4305042.058330265,-0.030285910960655915,228,250.54044
410226.99599322473,4273542.058330265,-0.03028455660412066,249,14.235634
329726.99599322473,4284192.058330265,-0.03028455660412066,249,14.650681
332626.99599322473,4287792.058330265,-0.030194770376013036,249,23.628149
307676.99599322473,4244242.058330265,-0.030194163064685586,249,239.28987
330976.99599322473,4274792.058330265,-0.03018321949304137,217,253.15678
377926.99599322473,4286692.058330265,-0.030163893973172873,249,253.15678
377626.99599322473,4278992.058330265,-0.030134795625997524,244,248.16333
377126.99599322473,4279192.058330265,-0.030134795625997524,244,248.16333
394876.99599322473,4288492.058330265,-0.030134795625997524,244,248.16333
377626.99599322473,4284992.058330265,-0.030134795625997524,244,248.0267
367126.99599322473,4252892.058330265,-0.030134795625997524,244,248.83604
341376.99599322473,4262042.058330265,-0.030134795625997524,244,248.16333
392826.99599322473,4289592.058330265,-0.030134795625997524,244,248.16333
330776.99599322473,4272942.058330265,-0.03005745892015743,238,246.84435
344176.99599322473,4283292.058330265,-0.029999865693843275,249,245.70708
338676.99599322473,4283292.058330265,-0.029992965752809075,249,46.444874
315976.99599322473,4245742.058330265,-0.02997238886430531,249,96.027565
391726.99599322473,4248792.058330265,-0.029971903158239055,249,106.4526
375176.99599322473,4250792.058330265,-0.029971903158239055,249,115.22722
332376.99599322473,4278542.058330265,-0.029965109721527217,249,242.02016
351476.99599322473,4248842.058330265,-0.029965109721527217,249,240.14713
362126.99599322473,4305392.058330265,-0.029945720228435557,238,247.86273
383676.99599322473,4279892.058330265,-0.029945720228435557,238,247.82419
380826.99599322473,4275942.058330265,-0.02994283508605511,228,253.15678
410276.99599322473,4231842.058330265,-0.029930862310596273,249,61.0
343526.99599322473,4284392.058330265,-0.029909689606947953,249,252.45956
353826.99599322473,4313342.058330265,-0.029909689606947953,249,253.02016
359276.99599322473,4255792.058330265,-0.029903512568884905,244,246.98097
329576.99599322473,4284292.058330265,-0.029888939582715213,249,30.774496
328276.99599322473,4273792.058330265,-0.02986949563668395,249,65.408745
329376.99599322473,4269192.058330265,-0.029862782109096764,233,253.4394
326026.99599322473,4277642.058330265,-0.029851743364041394,249,14.133082
338776.99599322473,4262342.058330265,-0.029840185859032586,233,252.45956
329376.99599322473,4269142.058330265,-0.02979180076791188,244,249.84322
367726.99599322473,4301242.058330265,-0.029781512583183845,249,253.86337
344726.99599322473,4283242.058330265,-0.029777238499427594,249,246.52971
380776.99599322473,4286392.058330265,-0.029749022003116354,244,248.16333
379676.99599322473,4285392.058330265,-0.029749022003116354,244,249.84322
320876.99599322473,4239092.058330265,-0.029749022003116354,244,249.0
334076.99599322473,4269192.058330265,-0.029749022003116354,244,247.68755
379526.99599322473,4265542.058330265,-0.029702083677876412,244,249.0
345376.99599322473,4283442.058330265,-0.029702083677876412,244,249.13663
383026.99599322473,4271192.058330265,-0.029702083677876412,244,249.0
358126.99599322473,4309942.058330265,-0.029687523452609277,249,246.84435
358126.99599322473,4309892.058330265,-0.029687523452609277,249,246.84435
389276.99599322473,4287442.058330265,-0.029623256398461417,249,75.866646
336526.99599322473,4268492.058330265,-0.029579165090071524,238,253.86337
394526.99599322473,4227992.058330265,-0.029567245006591247,249,243.0
387626.99599322473,4289342.058330265,-0.029567245006591247,249,243.0
334526.99599322473,4303092.058330265,-0.02953452455323735,233,253.30278
334576.99599322473,4303092.058330265,-0.02953452455323735,233,253.86337
355076.99599322473,4311942.058330265,-0.02953452455323735,233,253.86337
327626.99599322473,4289442.058330265,-0.029532512541737055,249,241.29561
389126.99599322473,4272542.058330265,-0.029532512541737055,249,242.4394
378376.99599322473,4274692.058330265,-0.02951313616287421,238,249.0
367976.99599322473,4301142.058330265,-0.02951025297188148,222,252.63007
